Dataset,Algoritm,window,model,resample,F1-Score(micro),F1-Score(macro),F1-Score(weighted),F1-Score(None),Accuracy,Sensitivity,Specificity,ROC AUC score,Confusion matrix
commons-bcel,RandomForest,2,model1,NONE,0.9828291087489779,0.8476916234247591,0.9803656650060883,[0.99115789 0.70422535],0.9828291087489779,0.5434782608695652,1.0,0.7717391304347826,"[1177, 0, 21, 25]"
commons-bcel,DT,2,model1,NONE,0.9771054783319706,0.8418787632521887,0.9771054783319706,[0.98810535 0.69565217],0.9771054783319706,0.6956521739130435,0.9881053525913339,0.8418787632521887,"[1163, 14, 14, 32]"
