Dataset,Algoritm,window,model,resample,F1-Score(micro),F1-Score(macro),F1-Score(weighted),F1-Score(None),Accuracy,Sensitivity,Specificity,ROC AUC score,Confusion matrix
commons-bcel,MLP,2,model1,NONE,0.982011447260834,0.8543290887040887,0.9804502655841578,[0.99070946 0.71794872],0.982011447260834,0.6086956521739131,0.9966015293118097,0.8026485907428613,"[1173, 4, 18, 28]"
